Date,Year,Month,Month Name,Month Short,Quarter,Day,Day Name,Day Short,Week Number
2015-01-01,2015,1,January,Jan,Q1,1,Thursday,Thu,1
2015-01-02,2015,1,January,Jan,Q1,2,Friday,Fri,1
2015-01-03,2015,1,January,Jan,Q1,3,Saturday,Sat,1
2015-01-04,2015,1,January,Jan,Q1,4,Sunday,Sun,1
2015-01-05,2015,1,January,Jan,Q1,5,Monday,Mon,2
2015-01-06,2015,1,January,Jan,Q1,6,Tuesday,Tue,2
2015-01-07,2015,1,January,Jan,Q1,7,Wednesday,Wed,2
2015-01-08,2015,1,January,Jan,Q1,8,Thursday,Thu,2
2015-01-09,2015,1,January,Jan,Q1,9,Friday,Fri,2
2015-01-10,2015,1,January,Jan,Q1,10,Saturday,Sat,2
2015-01-11,2015,1,January,Jan,Q1,11,Sunday,Sun,2
2015-01-12,2015,1,January,Jan,Q1,12,Monday,Mon,3
2015-01-13,2015,1,January,Jan,Q1,13,Tuesday,Tue,3
2015-01-14,2015,1,January,Jan,Q1,14,Wednesday,Wed,3
2015-01-15,2015,1,January,Jan,Q1,15,Thursday,Thu,3
2015-01-16,2015,1,January,Jan,Q1,16,Friday,Fri,3
2015-01-17,2015,1,January,Jan,Q1,17,Saturday,Sat,3
2015-01-18,2015,1,January,Jan,Q1,18,Sunday,Sun,3
2015-01-19,2015,1,January,Jan,Q1,19,Monday,Mon,4
2015-01-20,2015,1,January,Jan,Q1,20,Tuesday,Tue,4
2015-01-21,2015,1,January,Jan,Q1,21,Wednesday,Wed,4
2015-01-22,2015,1,January,Jan,Q1,22,Thursday,Thu,4
2015-01-23,2015,1,January,Jan,Q1,23,Friday,Fri,4
2015-01-24,2015,1,January,Jan,Q1,24,Saturday,Sat,4
2015-01-25,2015,1,January,Jan,Q1,25,Sunday,Sun,4
2015-01-26,2015,1,January,Jan,Q1,26,Monday,Mon,5
2015-01-27,2015,1,January,Jan,Q1,27,Tuesday,Tue,5
2015-01-28,2015,1,January,Jan,Q1,28,Wednesday,Wed,5
2015-01-29,2015,1,January,Jan,Q1,29,Thursday,Thu,5
2015-01-30,2015,1,January,Jan,Q1,30,Friday,Fri,5
2015-01-31,2015,1,January,Jan,Q1,31,Saturday,Sat,5
2015-02-01,2015,2,February,Feb,Q1,1,Sunday,Sun,5
2015-02-02,2015,2,February,Feb,Q1,2,Monday,Mon,6
2015-02-03,2015,2,February,Feb,Q1,3,Tuesday,Tue,6
2015-02-04,2015,2,February,Feb,Q1,4,Wednesday,Wed,6
2015-02-05,2015,2,February,Feb,Q1,5,Thursday,Thu,6
2015-02-06,2015,2,February,Feb,Q1,6,Friday,Fri,6
2015-02-07,2015,2,February,Feb,Q1,7,Saturday,Sat,6
2015-02-08,2015,2,February,Feb,Q1,8,Sunday,Sun,6
2015-02-09,2015,2,February,Feb,Q1,9,Monday,Mon,7
2015-02-10,2015,2,February,Feb,Q1,10,Tuesday,Tue,7
2015-02-11,2015,2,February,Feb,Q1,11,Wednesday,Wed,7
2015-02-12,2015,2,February,Feb,Q1,12,Thursday,Thu,7
2015-02-13,2015,2,February,Feb,Q1,13,Friday,Fri,7
2015-02-14,2015,2,February,Feb,Q1,14,Saturday,Sat,7
2015-02-15,2015,2,February,Feb,Q1,15,Sunday,Sun,7
2015-02-16,2015,2,February,Feb,Q1,16,Monday,Mon,8
2015-02-17,2015,2,February,Feb,Q1,17,Tuesday,Tue,8
2015-02-18,2015,2,February,Feb,Q1,18,Wednesday,Wed,8
2015-02-19,2015,2,February,Feb,Q1,19,Thursday,Thu,8
2015-02-20,2015,2,February,Feb,Q1,20,Friday,Fri,8
2015-02-21,2015,2,February,Feb,Q1,21,Saturday,Sat,8
2015-02-22,2015,2,February,Feb,Q1,22,Sunday,Sun,8
2015-02-23,2015,2,February,Feb,Q1,23,Monday,Mon,9
2015-02-24,2015,2,February,Feb,Q1,24,Tuesday,Tue,9
2015-02-25,2015,2,February,Feb,Q1,25,Wednesday,Wed,9
2015-02-26,2015,2,February,Feb,Q1,26,Thursday,Thu,9
2015-02-27,2015,2,February,Feb,Q1,27,Friday,Fri,9
2015-02-28,2015,2,February,Feb,Q1,28,Saturday,Sat,9
2015-03-01,2015,3,March,Mar,Q1,1,Sunday,Sun,9
2015-03-02,2015,3,March,Mar,Q1,2,Monday,Mon,10
2015-03-03,2015,3,March,Mar,Q1,3,Tuesday,Tue,10
2015-03-04,2015,3,March,Mar,Q1,4,Wednesday,Wed,10
2015-03-05,2015,3,March,Mar,Q1,5,Thursday,Thu,10
2015-03-06,2015,3,March,Mar,Q1,6,Friday,Fri,10
2015-03-07,2015,3,March,Mar,Q1,7,Saturday,Sat,10
2015-03-08,2015,3,March,Mar,Q1,8,Sunday,Sun,10
2015-03-09,2015,3,March,Mar,Q1,9,Monday,Mon,11
2015-03-10,2015,3,March,Mar,Q1,10,Tuesday,Tue,11
2015-03-11,2015,3,March,Mar,Q1,11,Wednesday,Wed,11
2015-03-12,2015,3,March,Mar,Q1,12,Thursday,Thu,11
2015-03-13,2015,3,March,Mar,Q1,13,Friday,Fri,11
2015-03-14,2015,3,March,Mar,Q1,14,Saturday,Sat,11
2015-03-15,2015,3,March,Mar,Q1,15,Sunday,Sun,11
2015-03-16,2015,3,March,Mar,Q1,16,Monday,Mon,12
2015-03-17,2015,3,March,Mar,Q1,17,Tuesday,Tue,12
2015-03-18,2015,3,March,Mar,Q1,18,Wednesday,Wed,12
2015-03-19,2015,3,March,Mar,Q1,19,Thursday,Thu,12
2015-03-20,2015,3,March,Mar,Q1,20,Friday,Fri,12
2015-03-21,2015,3,March,Mar,Q1,21,Saturday,Sat,12
2015-03-22,2015,3,March,Mar,Q1,22,Sunday,Sun,12
2015-03-23,2015,3,March,Mar,Q1,23,Monday,Mon,13
2015-03-24,2015,3,March,Mar,Q1,24,Tuesday,Tue,13
2015-03-25,2015,3,March,Mar,Q1,25,Wednesday,Wed,13
2015-03-26,2015,3,March,Mar,Q1,26,Thursday,Thu,13
2015-03-27,2015,3,March,Mar,Q1,27,Friday,Fri,13
2015-03-28,2015,3,March,Mar,Q1,28,Saturday,Sat,13
2015-03-29,2015,3,March,Mar,Q1,29,Sunday,Sun,13
2015-03-30,2015,3,March,Mar,Q1,30,Monday,Mon,14
2015-03-31,2015,3,March,Mar,Q1,31,Tuesday,Tue,14
2015-04-01,2015,4,April,Apr,Q2,1,Wednesday,Wed,14
2015-04-02,2015,4,April,Apr,Q2,2,Thursday,Thu,14
2015-04-03,2015,4,April,Apr,Q2,3,Friday,Fri,14
2015-04-04,2015,4,April,Apr,Q2,4,Saturday,Sat,14
2015-04-05,2015,4,April,Apr,Q2,5,Sunday,Sun,14
2015-04-06,2015,4,April,Apr,Q2,6,Monday,Mon,15
2015-04-07,2015,4,April,Apr,Q2,7,Tuesday,Tue,15
2015-04-08,2015,4,April,Apr,Q2,8,Wednesday,Wed,15
2015-04-09,2015,4,April,Apr,Q2,9,Thursday,Thu,15
2015-04-10,2015,4,April,Apr,Q2,10,Friday,Fri,15
2015-04-11,2015,4,April,Apr,Q2,11,Saturday,Sat,15
2015-04-12,2015,4,April,Apr,Q2,12,Sunday,Sun,15
2015-04-13,2015,4,April,Apr,Q2,13,Monday,Mon,16
2015-04-14,2015,4,April,Apr,Q2,14,Tuesday,Tue,16
2015-04-15,2015,4,April,Apr,Q2,15,Wednesday,Wed,16
2015-04-16,2015,4,April,Apr,Q2,16,Thursday,Thu,16
2015-04-17,2015,4,April,Apr,Q2,17,Friday,Fri,16
2015-04-18,2015,4,April,Apr,Q2,18,Saturday,Sat,16
2015-04-19,2015,4,April,Apr,Q2,19,Sunday,Sun,16
2015-04-20,2015,4,April,Apr,Q2,20,Monday,Mon,17
2015-04-21,2015,4,April,Apr,Q2,21,Tuesday,Tue,17
2015-04-22,2015,4,April,Apr,Q2,22,Wednesday,Wed,17
2015-04-23,2015,4,April,Apr,Q2,23,Thursday,Thu,17
2015-04-24,2015,4,April,Apr,Q2,24,Friday,Fri,17
2015-04-25,2015,4,April,Apr,Q2,25,Saturday,Sat,17
2015-04-26,2015,4,April,Apr,Q2,26,Sunday,Sun,17
2015-04-27,2015,4,April,Apr,Q2,27,Monday,Mon,18
2015-04-28,2015,4,April,Apr,Q2,28,Tuesday,Tue,18
2015-04-29,2015,4,April,Apr,Q2,29,Wednesday,Wed,18
2015-04-30,2015,4,April,Apr,Q2,30,Thursday,Thu,18
2015-05-01,2015,5,May,May,Q2,1,Friday,Fri,18
2015-05-02,2015,5,May,May,Q2,2,Saturday,Sat,18
2015-05-03,2015,5,May,May,Q2,3,Sunday,Sun,18
2015-05-04,2015,5,May,May,Q2,4,Monday,Mon,19
2015-05-05,2015,5,May,May,Q2,5,Tuesday,Tue,19
2015-05-06,2015,5,May,May,Q2,6,Wednesday,Wed,19
2015-05-07,2015,5,May,May,Q2,7,Thursday,Thu,19
2015-05-08,2015,5,May,May,Q2,8,Friday,Fri,19
2015-05-09,2015,5,May,May,Q2,9,Saturday,Sat,19
2015-05-10,2015,5,May,May,Q2,10,Sunday,Sun,19
2015-05-11,2015,5,May,May,Q2,11,Monday,Mon,20
2015-05-12,2015,5,May,May,Q2,12,Tuesday,Tue,20
2015-05-13,2015,5,May,May,Q2,13,Wednesday,Wed,20
2015-05-14,2015,5,May,May,Q2,14,Thursday,Thu,20
2015-05-15,2015,5,May,May,Q2,15,Friday,Fri,20
2015-05-16,2015,5,May,May,Q2,16,Saturday,Sat,20
2015-05-17,2015,5,May,May,Q2,17,Sunday,Sun,20
2015-05-18,2015,5,May,May,Q2,18,Monday,Mon,21
2015-05-19,2015,5,May,May,Q2,19,Tuesday,Tue,21
2015-05-20,2015,5,May,May,Q2,20,Wednesday,Wed,21
2015-05-21,2015,5,May,May,Q2,21,Thursday,Thu,21
2015-05-22,2015,5,May,May,Q2,22,Friday,Fri,21
2015-05-23,2015,5,May,May,Q2,23,Saturday,Sat,21
2015-05-24,2015,5,May,May,Q2,24,Sunday,Sun,21
2015-05-25,2015,5,May,May,Q2,25,Monday,Mon,22
2015-05-26,2015,5,May,May,Q2,26,Tuesday,Tue,22
2015-05-27,2015,5,May,May,Q2,27,Wednesday,Wed,22
2015-05-28,2015,5,May,May,Q2,28,Thursday,Thu,22
2015-05-29,2015,5,May,May,Q2,29,Friday,Fri,22
2015-05-30,2015,5,May,May,Q2,30,Saturday,Sat,22
2015-05-31,2015,5,May,May,Q2,31,Sunday,Sun,22
2015-06-01,2015,6,June,Jun,Q2,1,Monday,Mon,23
2015-06-02,2015,6,June,Jun,Q2,2,Tuesday,Tue,23
2015-06-03,2015,6,June,Jun,Q2,3,Wednesday,Wed,23
2015-06-04,2015,6,June,Jun,Q2,4,Thursday,Thu,23
2015-06-05,2015,6,June,Jun,Q2,5,Friday,Fri,23
2015-06-06,2015,6,June,Jun,Q2,6,Saturday,Sat,23
2015-06-07,2015,6,June,Jun,Q2,7,Sunday,Sun,23
2015-06-08,2015,6,June,Jun,Q2,8,Monday,Mon,24
2015-06-09,2015,6,June,Jun,Q2,9,Tuesday,Tue,24
2015-06-10,2015,6,June,Jun,Q2,10,Wednesday,Wed,24
2015-06-11,2015,6,June,Jun,Q2,11,Thursday,Thu,24
2015-06-12,2015,6,June,Jun,Q2,12,Friday,Fri,24
2015-06-13,2015,6,June,Jun,Q2,13,Saturday,Sat,24
2015-06-14,2015,6,June,Jun,Q2,14,Sunday,Sun,24
2015-06-15,2015,6,June,Jun,Q2,15,Monday,Mon,25
2015-06-16,2015,6,June,Jun,Q2,16,Tuesday,Tue,25
2015-06-17,2015,6,June,Jun,Q2,17,Wednesday,Wed,25
2015-06-18,2015,6,June,Jun,Q2,18,Thursday,Thu,25
2015-06-19,2015,6,June,Jun,Q2,19,Friday,Fri,25
2015-06-20,2015,6,June,Jun,Q2,20,Saturday,Sat,25
2015-06-21,2015,6,June,Jun,Q2,21,Sunday,Sun,25
2015-06-22,2015,6,June,Jun,Q2,22,Monday,Mon,26
2015-06-23,2015,6,June,Jun,Q2,23,Tuesday,Tue,26
2015-06-24,2015,6,June,Jun,Q2,24,Wednesday,Wed,26
2015-06-25,2015,6,June,Jun,Q2,25,Thursday,Thu,26
2015-06-26,2015,6,June,Jun,Q2,26,Friday,Fri,26
2015-06-27,2015,6,June,Jun,Q2,27,Saturday,Sat,26
2015-06-28,2015,6,June,Jun,Q2,28,Sunday,Sun,26
2015-06-29,2015,6,June,Jun,Q2,29,Monday,Mon,27
2015-06-30,2015,6,June,Jun,Q2,30,Tuesday,Tue,27
2015-07-01,2015,7,July,Jul,Q3,1,Wednesday,Wed,27
2015-07-02,2015,7,July,Jul,Q3,2,Thursday,Thu,27
2015-07-03,2015,7,July,Jul,Q3,3,Friday,Fri,27
2015-07-04,2015,7,July,Jul,Q3,4,Saturday,Sat,27
2015-07-05,2015,7,July,Jul,Q3,5,Sunday,Sun,27
2015-07-06,2015,7,July,Jul,Q3,6,Monday,Mon,28
2015-07-07,2015,7,July,Jul,Q3,7,Tuesday,Tue,28
2015-07-08,2015,7,July,Jul,Q3,8,Wednesday,Wed,28
2015-07-09,2015,7,July,Jul,Q3,9,Thursday,Thu,28
2015-07-10,2015,7,July,Jul,Q3,10,Friday,Fri,28
2015-07-11,2015,7,July,Jul,Q3,11,Saturday,Sat,28
2015-07-12,2015,7,July,Jul,Q3,12,Sunday,Sun,28
2015-07-13,2015,7,July,Jul,Q3,13,Monday,Mon,29
2015-07-14,2015,7,July,Jul,Q3,14,Tuesday,Tue,29
2015-07-15,2015,7,July,Jul,Q3,15,Wednesday,Wed,29
2015-07-16,2015,7,July,Jul,Q3,16,Thursday,Thu,29
2015-07-17,2015,7,July,Jul,Q3,17,Friday,Fri,29
2015-07-18,2015,7,July,Jul,Q3,18,Saturday,Sat,29
2015-07-19,2015,7,July,Jul,Q3,19,Sunday,Sun,29
2015-07-20,2015,7,July,Jul,Q3,20,Monday,Mon,30
2015-07-21,2015,7,July,Jul,Q3,21,Tuesday,Tue,30
2015-07-22,2015,7,July,Jul,Q3,22,Wednesday,Wed,30
2015-07-23,2015,7,July,Jul,Q3,23,Thursday,Thu,30
2015-07-24,2015,7,July,Jul,Q3,24,Friday,Fri,30
2015-07-25,2015,7,July,Jul,Q3,25,Saturday,Sat,30
2015-07-26,2015,7,July,Jul,Q3,26,Sunday,Sun,30
2015-07-27,2015,7,July,Jul,Q3,27,Monday,Mon,31
2015-07-28,2015,7,July,Jul,Q3,28,Tuesday,Tue,31
2015-07-29,2015,7,July,Jul,Q3,29,Wednesday,Wed,31
2015-07-30,2015,7,July,Jul,Q3,30,Thursday,Thu,31
2015-07-31,2015,7,July,Jul,Q3,31,Friday,Fri,31
2015-08-01,2015,8,August,Aug,Q3,1,Saturday,Sat,31
2015-08-02,2015,8,August,Aug,Q3,2,Sunday,Sun,31
2015-08-03,2015,8,August,Aug,Q3,3,Monday,Mon,32
2015-08-04,2015,8,August,Aug,Q3,4,Tuesday,Tue,32
2015-08-05,2015,8,August,Aug,Q3,5,Wednesday,Wed,32
2015-08-06,2015,8,August,Aug,Q3,6,Thursday,Thu,32
2015-08-07,2015,8,August,Aug,Q3,7,Friday,Fri,32
2015-08-08,2015,8,August,Aug,Q3,8,Saturday,Sat,32
2015-08-09,2015,8,August,Aug,Q3,9,Sunday,Sun,32
2015-08-10,2015,8,August,Aug,Q3,10,Monday,Mon,33
2015-08-11,2015,8,August,Aug,Q3,11,Tuesday,Tue,33
2015-08-12,2015,8,August,Aug,Q3,12,Wednesday,Wed,33
2015-08-13,2015,8,August,Aug,Q3,13,Thursday,Thu,33
2015-08-14,2015,8,August,Aug,Q3,14,Friday,Fri,33
2015-08-15,2015,8,August,Aug,Q3,15,Saturday,Sat,33
2015-08-16,2015,8,August,Aug,Q3,16,Sunday,Sun,33
2015-08-17,2015,8,August,Aug,Q3,17,Monday,Mon,34
2015-08-18,2015,8,August,Aug,Q3,18,Tuesday,Tue,34
2015-08-19,2015,8,August,Aug,Q3,19,Wednesday,Wed,34
2015-08-20,2015,8,August,Aug,Q3,20,Thursday,Thu,34
2015-08-21,2015,8,August,Aug,Q3,21,Friday,Fri,34
2015-08-22,2015,8,August,Aug,Q3,22,Saturday,Sat,34
2015-08-23,2015,8,August,Aug,Q3,23,Sunday,Sun,34
2015-08-24,2015,8,August,Aug,Q3,24,Monday,Mon,35
2015-08-25,2015,8,August,Aug,Q3,25,Tuesday,Tue,35
2015-08-26,2015,8,August,Aug,Q3,26,Wednesday,Wed,35
2015-08-27,2015,8,August,Aug,Q3,27,Thursday,Thu,35
2015-08-28,2015,8,August,Aug,Q3,28,Friday,Fri,35
2015-08-29,2015,8,August,Aug,Q3,29,Saturday,Sat,35
2015-08-30,2015,8,August,Aug,Q3,30,Sunday,Sun,35
2015-08-31,2015,8,August,Aug,Q3,31,Monday,Mon,36
2015-09-01,2015,9,September,Sep,Q3,1,Tuesday,Tue,36
2015-09-02,2015,9,September,Sep,Q3,2,Wednesday,Wed,36
2015-09-03,2015,9,September,Sep,Q3,3,Thursday,Thu,36
2015-09-04,2015,9,September,Sep,Q3,4,Friday,Fri,36
2015-09-05,2015,9,September,Sep,Q3,5,Saturday,Sat,36
2015-09-06,2015,9,September,Sep,Q3,6,Sunday,Sun,36
2015-09-07,2015,9,September,Sep,Q3,7,Monday,Mon,37
2015-09-08,2015,9,September,Sep,Q3,8,Tuesday,Tue,37
2015-09-09,2015,9,September,Sep,Q3,9,Wednesday,Wed,37
2015-09-10,2015,9,September,Sep,Q3,10,Thursday,Thu,37
2015-09-11,2015,9,September,Sep,Q3,11,Friday,Fri,37
2015-09-12,2015,9,September,Sep,Q3,12,Saturday,Sat,37
2015-09-13,2015,9,September,Sep,Q3,13,Sunday,Sun,37
2015-09-14,2015,9,September,Sep,Q3,14,Monday,Mon,38
2015-09-15,2015,9,September,Sep,Q3,15,Tuesday,Tue,38
2015-09-16,2015,9,September,Sep,Q3,16,Wednesday,Wed,38
2015-09-17,2015,9,September,Sep,Q3,17,Thursday,Thu,38
2015-09-18,2015,9,September,Sep,Q3,18,Friday,Fri,38
2015-09-19,2015,9,September,Sep,Q3,19,Saturday,Sat,38
2015-09-20,2015,9,September,Sep,Q3,20,Sunday,Sun,38
2015-09-21,2015,9,September,Sep,Q3,21,Monday,Mon,39
2015-09-22,2015,9,September,Sep,Q3,22,Tuesday,Tue,39
2015-09-23,2015,9,September,Sep,Q3,23,Wednesday,Wed,39
2015-09-24,2015,9,September,Sep,Q3,24,Thursday,Thu,39
2015-09-25,2015,9,September,Sep,Q3,25,Friday,Fri,39
2015-09-26,2015,9,September,Sep,Q3,26,Saturday,Sat,39
2015-09-27,2015,9,September,Sep,Q3,27,Sunday,Sun,39
2015-09-28,2015,9,September,Sep,Q3,28,Monday,Mon,40
2015-09-29,2015,9,September,Sep,Q3,29,Tuesday,Tue,40
2015-09-30,2015,9,September,Sep,Q3,30,Wednesday,Wed,40
2015-10-01,2015,10,October,Oct,Q4,1,Thursday,Thu,40
2015-10-02,2015,10,October,Oct,Q4,2,Friday,Fri,40
2015-10-03,2015,10,October,Oct,Q4,3,Saturday,Sat,40
2015-10-04,2015,10,October,Oct,Q4,4,Sunday,Sun,40
2015-10-05,2015,10,October,Oct,Q4,5,Monday,Mon,41
2015-10-06,2015,10,October,Oct,Q4,6,Tuesday,Tue,41
2015-10-07,2015,10,October,Oct,Q4,7,Wednesday,Wed,41
2015-10-08,2015,10,October,Oct,Q4,8,Thursday,Thu,41
2015-10-09,2015,10,October,Oct,Q4,9,Friday,Fri,41
2015-10-10,2015,10,October,Oct,Q4,10,Saturday,Sat,41
2015-10-11,2015,10,October,Oct,Q4,11,Sunday,Sun,41
2015-10-12,2015,10,October,Oct,Q4,12,Monday,Mon,42
2015-10-13,2015,10,October,Oct,Q4,13,Tuesday,Tue,42
2015-10-14,2015,10,October,Oct,Q4,14,Wednesday,Wed,42
2015-10-15,2015,10,October,Oct,Q4,15,Thursday,Thu,42
2015-10-16,2015,10,October,Oct,Q4,16,Friday,Fri,42
2015-10-17,2015,10,October,Oct,Q4,17,Saturday,Sat,42
2015-10-18,2015,10,October,Oct,Q4,18,Sunday,Sun,42
2015-10-19,2015,10,October,Oct,Q4,19,Monday,Mon,43
2015-10-20,2015,10,October,Oct,Q4,20,Tuesday,Tue,43
2015-10-21,2015,10,October,Oct,Q4,21,Wednesday,Wed,43
2015-10-22,2015,10,October,Oct,Q4,22,Thursday,Thu,43
2015-10-23,2015,10,October,Oct,Q4,23,Friday,Fri,43
2015-10-24,2015,10,October,Oct,Q4,24,Saturday,Sat,43
2015-10-25,2015,10,October,Oct,Q4,25,Sunday,Sun,43
2015-10-26,2015,10,October,Oct,Q4,26,Monday,Mon,44
2015-10-27,2015,10,October,Oct,Q4,27,Tuesday,Tue,44
2015-10-28,2015,10,October,Oct,Q4,28,Wednesday,Wed,44
2015-10-29,2015,10,October,Oct,Q4,29,Thursday,Thu,44
2015-10-30,2015,10,October,Oct,Q4,30,Friday,Fri,44
2015-10-31,2015,10,October,Oct,Q4,31,Saturday,Sat,44
2015-11-01,2015,11,November,Nov,Q4,1,Sunday,Sun,44
2015-11-02,2015,11,November,Nov,Q4,2,Monday,Mon,45
2015-11-03,2015,11,November,Nov,Q4,3,Tuesday,Tue,45
2015-11-04,2015,11,November,Nov,Q4,4,Wednesday,Wed,45
2015-11-05,2015,11,November,Nov,Q4,5,Thursday,Thu,45
2015-11-06,2015,11,November,Nov,Q4,6,Friday,Fri,45
2015-11-07,2015,11,November,Nov,Q4,7,Saturday,Sat,45
2015-11-08,2015,11,November,Nov,Q4,8,Sunday,Sun,45
2015-11-09,2015,11,November,Nov,Q4,9,Monday,Mon,46
2015-11-10,2015,11,November,Nov,Q4,10,Tuesday,Tue,46
2015-11-11,2015,11,November,Nov,Q4,11,Wednesday,Wed,46
2015-11-12,2015,11,November,Nov,Q4,12,Thursday,Thu,46
2015-11-13,2015,11,November,Nov,Q4,13,Friday,Fri,46
2015-11-14,2015,11,November,Nov,Q4,14,Saturday,Sat,46
2015-11-15,2015,11,November,Nov,Q4,15,Sunday,Sun,46
2015-11-16,2015,11,November,Nov,Q4,16,Monday,Mon,47
2015-11-17,2015,11,November,Nov,Q4,17,Tuesday,Tue,47
2015-11-18,2015,11,November,Nov,Q4,18,Wednesday,Wed,47
2015-11-19,2015,11,November,Nov,Q4,19,Thursday,Thu,47
2015-11-20,2015,11,November,Nov,Q4,20,Friday,Fri,47
2015-11-21,2015,11,November,Nov,Q4,21,Saturday,Sat,47
2015-11-22,2015,11,November,Nov,Q4,22,Sunday,Sun,47
2015-11-23,2015,11,November,Nov,Q4,23,Monday,Mon,48
2015-11-24,2015,11,November,Nov,Q4,24,Tuesday,Tue,48
2015-11-25,2015,11,November,Nov,Q4,25,Wednesday,Wed,48
2015-11-26,2015,11,November,Nov,Q4,26,Thursday,Thu,48
2015-11-27,2015,11,November,Nov,Q4,27,Friday,Fri,48
2015-11-28,2015,11,November,Nov,Q4,28,Saturday,Sat,48
2015-11-29,2015,11,November,Nov,Q4,29,Sunday,Sun,48
2015-11-30,2015,11,November,Nov,Q4,30,Monday,Mon,49
2015-12-01,2015,12,December,Dec,Q4,1,Tuesday,Tue,49
2015-12-02,2015,12,December,Dec,Q4,2,Wednesday,Wed,49
2015-12-03,2015,12,December,Dec,Q4,3,Thursday,Thu,49
2015-12-04,2015,12,December,Dec,Q4,4,Friday,Fri,49
2015-12-05,2015,12,December,Dec,Q4,5,Saturday,Sat,49
2015-12-06,2015,12,December,Dec,Q4,6,Sunday,Sun,49
2015-12-07,2015,12,December,Dec,Q4,7,Monday,Mon,50
2015-12-08,2015,12,December,Dec,Q4,8,Tuesday,Tue,50
2015-12-09,2015,12,December,Dec,Q4,9,Wednesday,Wed,50
2015-12-10,2015,12,December,Dec,Q4,10,Thursday,Thu,50
2015-12-11,2015,12,December,Dec,Q4,11,Friday,Fri,50
2015-12-12,2015,12,December,Dec,Q4,12,Saturday,Sat,50
2015-12-13,2015,12,December,Dec,Q4,13,Sunday,Sun,50
2015-12-14,2015,12,December,Dec,Q4,14,Monday,Mon,51
2015-12-15,2015,12,December,Dec,Q4,15,Tuesday,Tue,51
2015-12-16,2015,12,December,Dec,Q4,16,Wednesday,Wed,51
2015-12-17,2015,12,December,Dec,Q4,17,Thursday,Thu,51
2015-12-18,2015,12,December,Dec,Q4,18,Friday,Fri,51
2015-12-19,2015,12,December,Dec,Q4,19,Saturday,Sat,51
2015-12-20,2015,12,December,Dec,Q4,20,Sunday,Sun,51
2015-12-21,2015,12,December,Dec,Q4,21,Monday,Mon,52
2015-12-22,2015,12,December,Dec,Q4,22,Tuesday,Tue,52
2015-12-23,2015,12,December,Dec,Q4,23,Wednesday,Wed,52
2015-12-24,2015,12,December,Dec,Q4,24,Thursday,Thu,52
2015-12-25,2015,12,December,Dec,Q4,25,Friday,Fri,52
2015-12-26,2015,12,December,Dec,Q4,26,Saturday,Sat,52
2015-12-27,2015,12,December,Dec,Q4,27,Sunday,Sun,52
2015-12-28,2015,12,December,Dec,Q4,28,Monday,Mon,53
2015-12-29,2015,12,December,Dec,Q4,29,Tuesday,Tue,53
2015-12-30,2015,12,December,Dec,Q4,30,Wednesday,Wed,53
2015-12-31,2015,12,December,Dec,Q4,31,Thursday,Thu,53
2016-01-01,2016,1,January,Jan,Q1,1,Friday,Fri,53
2016-01-02,2016,1,January,Jan,Q1,2,Saturday,Sat,53
2016-01-03,2016,1,January,Jan,Q1,3,Sunday,Sun,53
2016-01-04,2016,1,January,Jan,Q1,4,Monday,Mon,1
2016-01-05,2016,1,January,Jan,Q1,5,Tuesday,Tue,1
2016-01-06,2016,1,January,Jan,Q1,6,Wednesday,Wed,1
2016-01-07,2016,1,January,Jan,Q1,7,Thursday,Thu,1
2016-01-08,2016,1,January,Jan,Q1,8,Friday,Fri,1
2016-01-09,2016,1,January,Jan,Q1,9,Saturday,Sat,1
2016-01-10,2016,1,January,Jan,Q1,10,Sunday,Sun,1
2016-01-11,2016,1,January,Jan,Q1,11,Monday,Mon,2
2016-01-12,2016,1,January,Jan,Q1,12,Tuesday,Tue,2
2016-01-13,2016,1,January,Jan,Q1,13,Wednesday,Wed,2
2016-01-14,2016,1,January,Jan,Q1,14,Thursday,Thu,2
2016-01-15,2016,1,January,Jan,Q1,15,Friday,Fri,2
2016-01-16,2016,1,January,Jan,Q1,16,Saturday,Sat,2
2016-01-17,2016,1,January,Jan,Q1,17,Sunday,Sun,2
2016-01-18,2016,1,January,Jan,Q1,18,Monday,Mon,3
2016-01-19,2016,1,January,Jan,Q1,19,Tuesday,Tue,3
2016-01-20,2016,1,January,Jan,Q1,20,Wednesday,Wed,3
2016-01-21,2016,1,January,Jan,Q1,21,Thursday,Thu,3
2016-01-22,2016,1,January,Jan,Q1,22,Friday,Fri,3
2016-01-23,2016,1,January,Jan,Q1,23,Saturday,Sat,3
2016-01-24,2016,1,January,Jan,Q1,24,Sunday,Sun,3
2016-01-25,2016,1,January,Jan,Q1,25,Monday,Mon,4
2016-01-26,2016,1,January,Jan,Q1,26,Tuesday,Tue,4
2016-01-27,2016,1,January,Jan,Q1,27,Wednesday,Wed,4
2016-01-28,2016,1,January,Jan,Q1,28,Thursday,Thu,4
2016-01-29,2016,1,January,Jan,Q1,29,Friday,Fri,4
2016-01-30,2016,1,January,Jan,Q1,30,Saturday,Sat,4
2016-01-31,2016,1,January,Jan,Q1,31,Sunday,Sun,4
2016-02-01,2016,2,February,Feb,Q1,1,Monday,Mon,5
2016-02-02,2016,2,February,Feb,Q1,2,Tuesday,Tue,5
2016-02-03,2016,2,February,Feb,Q1,3,Wednesday,Wed,5
2016-02-04,2016,2,February,Feb,Q1,4,Thursday,Thu,5
2016-02-05,2016,2,February,Feb,Q1,5,Friday,Fri,5
2016-02-06,2016,2,February,Feb,Q1,6,Saturday,Sat,5
2016-02-07,2016,2,February,Feb,Q1,7,Sunday,Sun,5
2016-02-08,2016,2,February,Feb,Q1,8,Monday,Mon,6
2016-02-09,2016,2,February,Feb,Q1,9,Tuesday,Tue,6
2016-02-10,2016,2,February,Feb,Q1,10,Wednesday,Wed,6
2016-02-11,2016,2,February,Feb,Q1,11,Thursday,Thu,6
2016-02-12,2016,2,February,Feb,Q1,12,Friday,Fri,6
2016-02-13,2016,2,February,Feb,Q1,13,Saturday,Sat,6
2016-02-14,2016,2,February,Feb,Q1,14,Sunday,Sun,6
2016-02-15,2016,2,February,Feb,Q1,15,Monday,Mon,7
2016-02-16,2016,2,February,Feb,Q1,16,Tuesday,Tue,7
2016-02-17,2016,2,February,Feb,Q1,17,Wednesday,Wed,7
2016-02-18,2016,2,February,Feb,Q1,18,Thursday,Thu,7
2016-02-19,2016,2,February,Feb,Q1,19,Friday,Fri,7
2016-02-20,2016,2,February,Feb,Q1,20,Saturday,Sat,7
2016-02-21,2016,2,February,Feb,Q1,21,Sunday,Sun,7
2016-02-22,2016,2,February,Feb,Q1,22,Monday,Mon,8
2016-02-23,2016,2,February,Feb,Q1,23,Tuesday,Tue,8
2016-02-24,2016,2,February,Feb,Q1,24,Wednesday,Wed,8
2016-02-25,2016,2,February,Feb,Q1,25,Thursday,Thu,8
2016-02-26,2016,2,February,Feb,Q1,26,Friday,Fri,8
2016-02-27,2016,2,February,Feb,Q1,27,Saturday,Sat,8
2016-02-28,2016,2,February,Feb,Q1,28,Sunday,Sun,8
2016-02-29,2016,2,February,Feb,Q1,29,Monday,Mon,9
2016-03-01,2016,3,March,Mar,Q1,1,Tuesday,Tue,9
2016-03-02,2016,3,March,Mar,Q1,2,Wednesday,Wed,9
2016-03-03,2016,3,March,Mar,Q1,3,Thursday,Thu,9
2016-03-04,2016,3,March,Mar,Q1,4,Friday,Fri,9
2016-03-05,2016,3,March,Mar,Q1,5,Saturday,Sat,9
2016-03-06,2016,3,March,Mar,Q1,6,Sunday,Sun,9
2016-03-07,2016,3,March,Mar,Q1,7,Monday,Mon,10
2016-03-08,2016,3,March,Mar,Q1,8,Tuesday,Tue,10
2016-03-09,2016,3,March,Mar,Q1,9,Wednesday,Wed,10
2016-03-10,2016,3,March,Mar,Q1,10,Thursday,Thu,10
2016-03-11,2016,3,March,Mar,Q1,11,Friday,Fri,10
2016-03-12,2016,3,March,Mar,Q1,12,Saturday,Sat,10
2016-03-13,2016,3,March,Mar,Q1,13,Sunday,Sun,10
2016-03-14,2016,3,March,Mar,Q1,14,Monday,Mon,11
2016-03-15,2016,3,March,Mar,Q1,15,Tuesday,Tue,11
2016-03-16,2016,3,March,Mar,Q1,16,Wednesday,Wed,11
2016-03-17,2016,3,March,Mar,Q1,17,Thursday,Thu,11
2016-03-18,2016,3,March,Mar,Q1,18,Friday,Fri,11
2016-03-19,2016,3,March,Mar,Q1,19,Saturday,Sat,11
2016-03-20,2016,3,March,Mar,Q1,20,Sunday,Sun,11
2016-03-21,2016,3,March,Mar,Q1,21,Monday,Mon,12
2016-03-22,2016,3,March,Mar,Q1,22,Tuesday,Tue,12
2016-03-23,2016,3,March,Mar,Q1,23,Wednesday,Wed,12
2016-03-24,2016,3,March,Mar,Q1,24,Thursday,Thu,12
2016-03-25,2016,3,March,Mar,Q1,25,Friday,Fri,12
2016-03-26,2016,3,March,Mar,Q1,26,Saturday,Sat,12
2016-03-27,2016,3,March,Mar,Q1,27,Sunday,Sun,12
2016-03-28,2016,3,March,Mar,Q1,28,Monday,Mon,13
2016-03-29,2016,3,March,Mar,Q1,29,Tuesday,Tue,13
2016-03-30,2016,3,March,Mar,Q1,30,Wednesday,Wed,13
2016-03-31,2016,3,March,Mar,Q1,31,Thursday,Thu,13
2016-04-01,2016,4,April,Apr,Q2,1,Friday,Fri,13
2016-04-02,2016,4,April,Apr,Q2,2,Saturday,Sat,13
2016-04-03,2016,4,April,Apr,Q2,3,Sunday,Sun,13
2016-04-04,2016,4,April,Apr,Q2,4,Monday,Mon,14
2016-04-05,2016,4,April,Apr,Q2,5,Tuesday,Tue,14
2016-04-06,2016,4,April,Apr,Q2,6,Wednesday,Wed,14
2016-04-07,2016,4,April,Apr,Q2,7,Thursday,Thu,14
2016-04-08,2016,4,April,Apr,Q2,8,Friday,Fri,14
2016-04-09,2016,4,April,Apr,Q2,9,Saturday,Sat,14
2016-04-10,2016,4,April,Apr,Q2,10,Sunday,Sun,14
2016-04-11,2016,4,April,Apr,Q2,11,Monday,Mon,15
2016-04-12,2016,4,April,Apr,Q2,12,Tuesday,Tue,15
2016-04-13,2016,4,April,Apr,Q2,13,Wednesday,Wed,15
2016-04-14,2016,4,April,Apr,Q2,14,Thursday,Thu,15
2016-04-15,2016,4,April,Apr,Q2,15,Friday,Fri,15
2016-04-16,2016,4,April,Apr,Q2,16,Saturday,Sat,15
2016-04-17,2016,4,April,Apr,Q2,17,Sunday,Sun,15
2016-04-18,2016,4,April,Apr,Q2,18,Monday,Mon,16
2016-04-19,2016,4,April,Apr,Q2,19,Tuesday,Tue,16
2016-04-20,2016,4,April,Apr,Q2,20,Wednesday,Wed,16
2016-04-21,2016,4,April,Apr,Q2,21,Thursday,Thu,16
2016-04-22,2016,4,April,Apr,Q2,22,Friday,Fri,16
2016-04-23,2016,4,April,Apr,Q2,23,Saturday,Sat,16
2016-04-24,2016,4,April,Apr,Q2,24,Sunday,Sun,16
2016-04-25,2016,4,April,Apr,Q2,25,Monday,Mon,17
2016-04-26,2016,4,April,Apr,Q2,26,Tuesday,Tue,17
2016-04-27,2016,4,April,Apr,Q2,27,Wednesday,Wed,17
2016-04-28,2016,4,April,Apr,Q2,28,Thursday,Thu,17
2016-04-29,2016,4,April,Apr,Q2,29,Friday,Fri,17
2016-04-30,2016,4,April,Apr,Q2,30,Saturday,Sat,17
2016-05-01,2016,5,May,May,Q2,1,Sunday,Sun,17
2016-05-02,2016,5,May,May,Q2,2,Monday,Mon,18
2016-05-03,2016,5,May,May,Q2,3,Tuesday,Tue,18
2016-05-04,2016,5,May,May,Q2,4,Wednesday,Wed,18
2016-05-05,2016,5,May,May,Q2,5,Thursday,Thu,18
2016-05-06,2016,5,May,May,Q2,6,Friday,Fri,18
2016-05-07,2016,5,May,May,Q2,7,Saturday,Sat,18
2016-05-08,2016,5,May,May,Q2,8,Sunday,Sun,18
2016-05-09,2016,5,May,May,Q2,9,Monday,Mon,19
2016-05-10,2016,5,May,May,Q2,10,Tuesday,Tue,19
2016-05-11,2016,5,May,May,Q2,11,Wednesday,Wed,19
2016-05-12,2016,5,May,May,Q2,12,Thursday,Thu,19
2016-05-13,2016,5,May,May,Q2,13,Friday,Fri,19
2016-05-14,2016,5,May,May,Q2,14,Saturday,Sat,19
2016-05-15,2016,5,May,May,Q2,15,Sunday,Sun,19
2016-05-16,2016,5,May,May,Q2,16,Monday,Mon,20
2016-05-17,2016,5,May,May,Q2,17,Tuesday,Tue,20
2016-05-18,2016,5,May,May,Q2,18,Wednesday,Wed,20
2016-05-19,2016,5,May,May,Q2,19,Thursday,Thu,20
2016-05-20,2016,5,May,May,Q2,20,Friday,Fri,20
2016-05-21,2016,5,May,May,Q2,21,Saturday,Sat,20
2016-05-22,2016,5,May,May,Q2,22,Sunday,Sun,20
2016-05-23,2016,5,May,May,Q2,23,Monday,Mon,21
2016-05-24,2016,5,May,May,Q2,24,Tuesday,Tue,21
2016-05-25,2016,5,May,May,Q2,25,Wednesday,Wed,21
2016-05-26,2016,5,May,May,Q2,26,Thursday,Thu,21
2016-05-27,2016,5,May,May,Q2,27,Friday,Fri,21
2016-05-28,2016,5,May,May,Q2,28,Saturday,Sat,21
2016-05-29,2016,5,May,May,Q2,29,Sunday,Sun,21
2016-05-30,2016,5,May,May,Q2,30,Monday,Mon,22
2016-05-31,2016,5,May,May,Q2,31,Tuesday,Tue,22
2016-06-01,2016,6,June,Jun,Q2,1,Wednesday,Wed,22
2016-06-02,2016,6,June,Jun,Q2,2,Thursday,Thu,22
2016-06-03,2016,6,June,Jun,Q2,3,Friday,Fri,22
2016-06-04,2016,6,June,Jun,Q2,4,Saturday,Sat,22
2016-06-05,2016,6,June,Jun,Q2,5,Sunday,Sun,22
2016-06-06,2016,6,June,Jun,Q2,6,Monday,Mon,23
2016-06-07,2016,6,June,Jun,Q2,7,Tuesday,Tue,23
2016-06-08,2016,6,June,Jun,Q2,8,Wednesday,Wed,23
2016-06-09,2016,6,June,Jun,Q2,9,Thursday,Thu,23
2016-06-10,2016,6,June,Jun,Q2,10,Friday,Fri,23
2016-06-11,2016,6,June,Jun,Q2,11,Saturday,Sat,23
2016-06-12,2016,6,June,Jun,Q2,12,Sunday,Sun,23
2016-06-13,2016,6,June,Jun,Q2,13,Monday,Mon,24
2016-06-14,2016,6,June,Jun,Q2,14,Tuesday,Tue,24
2016-06-15,2016,6,June,Jun,Q2,15,Wednesday,Wed,24
2016-06-16,2016,6,June,Jun,Q2,16,Thursday,Thu,24
2016-06-17,2016,6,June,Jun,Q2,17,Friday,Fri,24
2016-06-18,2016,6,June,Jun,Q2,18,Saturday,Sat,24
2016-06-19,2016,6,June,Jun,Q2,19,Sunday,Sun,24
2016-06-20,2016,6,June,Jun,Q2,20,Monday,Mon,25
2016-06-21,2016,6,June,Jun,Q2,21,Tuesday,Tue,25
2016-06-22,2016,6,June,Jun,Q2,22,Wednesday,Wed,25
2016-06-23,2016,6,June,Jun,Q2,23,Thursday,Thu,25
2016-06-24,2016,6,June,Jun,Q2,24,Friday,Fri,25
2016-06-25,2016,6,June,Jun,Q2,25,Saturday,Sat,25
2016-06-26,2016,6,June,Jun,Q2,26,Sunday,Sun,25
2016-06-27,2016,6,June,Jun,Q2,27,Monday,Mon,26
2016-06-28,2016,6,June,Jun,Q2,28,Tuesday,Tue,26
2016-06-29,2016,6,June,Jun,Q2,29,Wednesday,Wed,26
2016-06-30,2016,6,June,Jun,Q2,30,Thursday,Thu,26
2016-07-01,2016,7,July,Jul,Q3,1,Friday,Fri,26
2016-07-02,2016,7,July,Jul,Q3,2,Saturday,Sat,26
2016-07-03,2016,7,July,Jul,Q3,3,Sunday,Sun,26
2016-07-04,2016,7,July,Jul,Q3,4,Monday,Mon,27
2016-07-05,2016,7,July,Jul,Q3,5,Tuesday,Tue,27
2016-07-06,2016,7,July,Jul,Q3,6,Wednesday,Wed,27
2016-07-07,2016,7,July,Jul,Q3,7,Thursday,Thu,27
2016-07-08,2016,7,July,Jul,Q3,8,Friday,Fri,27
2016-07-09,2016,7,July,Jul,Q3,9,Saturday,Sat,27
2016-07-10,2016,7,July,Jul,Q3,10,Sunday,Sun,27
2016-07-11,2016,7,July,Jul,Q3,11,Monday,Mon,28
2016-07-12,2016,7,July,Jul,Q3,12,Tuesday,Tue,28
2016-07-13,2016,7,July,Jul,Q3,13,Wednesday,Wed,28
2016-07-14,2016,7,July,Jul,Q3,14,Thursday,Thu,28
2016-07-15,2016,7,July,Jul,Q3,15,Friday,Fri,28
2016-07-16,2016,7,July,Jul,Q3,16,Saturday,Sat,28
2016-07-17,2016,7,July,Jul,Q3,17,Sunday,Sun,28
2016-07-18,2016,7,July,Jul,Q3,18,Monday,Mon,29
2016-07-19,2016,7,July,Jul,Q3,19,Tuesday,Tue,29
2016-07-20,2016,7,July,Jul,Q3,20,Wednesday,Wed,29
2016-07-21,2016,7,July,Jul,Q3,21,Thursday,Thu,29
2016-07-22,2016,7,July,Jul,Q3,22,Friday,Fri,29
2016-07-23,2016,7,July,Jul,Q3,23,Saturday,Sat,29
2016-07-24,2016,7,July,Jul,Q3,24,Sunday,Sun,29
2016-07-25,2016,7,July,Jul,Q3,25,Monday,Mon,30
2016-07-26,2016,7,July,Jul,Q3,26,Tuesday,Tue,30
2016-07-27,2016,7,July,Jul,Q3,27,Wednesday,Wed,30
2016-07-28,2016,7,July,Jul,Q3,28,Thursday,Thu,30
2016-07-29,2016,7,July,Jul,Q3,29,Friday,Fri,30
2016-07-30,2016,7,July,Jul,Q3,30,Saturday,Sat,30
2016-07-31,2016,7,July,Jul,Q3,31,Sunday,Sun,30
2016-08-01,2016,8,August,Aug,Q3,1,Monday,Mon,31
2016-08-02,2016,8,August,Aug,Q3,2,Tuesday,Tue,31
2016-08-03,2016,8,August,Aug,Q3,3,Wednesday,Wed,31
2016-08-04,2016,8,August,Aug,Q3,4,Thursday,Thu,31
2016-08-05,2016,8,August,Aug,Q3,5,Friday,Fri,31
2016-08-06,2016,8,August,Aug,Q3,6,Saturday,Sat,31
2016-08-07,2016,8,August,Aug,Q3,7,Sunday,Sun,31
2016-08-08,2016,8,August,Aug,Q3,8,Monday,Mon,32
2016-08-09,2016,8,August,Aug,Q3,9,Tuesday,Tue,32
2016-08-10,2016,8,August,Aug,Q3,10,Wednesday,Wed,32
2016-08-11,2016,8,August,Aug,Q3,11,Thursday,Thu,32
2016-08-12,2016,8,August,Aug,Q3,12,Friday,Fri,32
2016-08-13,2016,8,August,Aug,Q3,13,Saturday,Sat,32
2016-08-14,2016,8,August,Aug,Q3,14,Sunday,Sun,32
2016-08-15,2016,8,August,Aug,Q3,15,Monday,Mon,33
2016-08-16,2016,8,August,Aug,Q3,16,Tuesday,Tue,33
2016-08-17,2016,8,August,Aug,Q3,17,Wednesday,Wed,33
2016-08-18,2016,8,August,Aug,Q3,18,Thursday,Thu,33
2016-08-19,2016,8,August,Aug,Q3,19,Friday,Fri,33
2016-08-20,2016,8,August,Aug,Q3,20,Saturday,Sat,33
2016-08-21,2016,8,August,Aug,Q3,21,Sunday,Sun,33
2016-08-22,2016,8,August,Aug,Q3,22,Monday,Mon,34
2016-08-23,2016,8,August,Aug,Q3,23,Tuesday,Tue,34
2016-08-24,2016,8,August,Aug,Q3,24,Wednesday,Wed,34
2016-08-25,2016,8,August,Aug,Q3,25,Thursday,Thu,34
2016-08-26,2016,8,August,Aug,Q3,26,Friday,Fri,34
2016-08-27,2016,8,August,Aug,Q3,27,Saturday,Sat,34
2016-08-28,2016,8,August,Aug,Q3,28,Sunday,Sun,34
2016-08-29,2016,8,August,Aug,Q3,29,Monday,Mon,35
2016-08-30,2016,8,August,Aug,Q3,30,Tuesday,Tue,35
2016-08-31,2016,8,August,Aug,Q3,31,Wednesday,Wed,35
2016-09-01,2016,9,September,Sep,Q3,1,Thursday,Thu,35
2016-09-02,2016,9,September,Sep,Q3,2,Friday,Fri,35
2016-09-03,2016,9,September,Sep,Q3,3,Saturday,Sat,35
2016-09-04,2016,9,September,Sep,Q3,4,Sunday,Sun,35
2016-09-05,2016,9,September,Sep,Q3,5,Monday,Mon,36
2016-09-06,2016,9,September,Sep,Q3,6,Tuesday,Tue,36
2016-09-07,2016,9,September,Sep,Q3,7,Wednesday,Wed,36
2016-09-08,2016,9,September,Sep,Q3,8,Thursday,Thu,36
2016-09-09,2016,9,September,Sep,Q3,9,Friday,Fri,36
2016-09-10,2016,9,September,Sep,Q3,10,Saturday,Sat,36
2016-09-11,2016,9,September,Sep,Q3,11,Sunday,Sun,36
2016-09-12,2016,9,September,Sep,Q3,12,Monday,Mon,37
2016-09-13,2016,9,September,Sep,Q3,13,Tuesday,Tue,37
2016-09-14,2016,9,September,Sep,Q3,14,Wednesday,Wed,37
2016-09-15,2016,9,September,Sep,Q3,15,Thursday,Thu,37
2016-09-16,2016,9,September,Sep,Q3,16,Friday,Fri,37
2016-09-17,2016,9,September,Sep,Q3,17,Saturday,Sat,37
2016-09-18,2016,9,September,Sep,Q3,18,Sunday,Sun,37
2016-09-19,2016,9,September,Sep,Q3,19,Monday,Mon,38
2016-09-20,2016,9,September,Sep,Q3,20,Tuesday,Tue,38
2016-09-21,2016,9,September,Sep,Q3,21,Wednesday,Wed,38
2016-09-22,2016,9,September,Sep,Q3,22,Thursday,Thu,38
2016-09-23,2016,9,September,Sep,Q3,23,Friday,Fri,38
2016-09-24,2016,9,September,Sep,Q3,24,Saturday,Sat,38
2016-09-25,2016,9,September,Sep,Q3,25,Sunday,Sun,38
2016-09-26,2016,9,September,Sep,Q3,26,Monday,Mon,39
2016-09-27,2016,9,September,Sep,Q3,27,Tuesday,Tue,39
2016-09-28,2016,9,September,Sep,Q3,28,Wednesday,Wed,39
2016-09-29,2016,9,September,Sep,Q3,29,Thursday,Thu,39
2016-09-30,2016,9,September,Sep,Q3,30,Friday,Fri,39
2016-10-01,2016,10,October,Oct,Q4,1,Saturday,Sat,39
2016-10-02,2016,10,October,Oct,Q4,2,Sunday,Sun,39
2016-10-03,2016,10,October,Oct,Q4,3,Monday,Mon,40
2016-10-04,2016,10,October,Oct,Q4,4,Tuesday,Tue,40
2016-10-05,2016,10,October,Oct,Q4,5,Wednesday,Wed,40
2016-10-06,2016,10,October,Oct,Q4,6,Thursday,Thu,40
2016-10-07,2016,10,October,Oct,Q4,7,Friday,Fri,40
2016-10-08,2016,10,October,Oct,Q4,8,Saturday,Sat,40
2016-10-09,2016,10,October,Oct,Q4,9,Sunday,Sun,40
2016-10-10,2016,10,October,Oct,Q4,10,Monday,Mon,41
2016-10-11,2016,10,October,Oct,Q4,11,Tuesday,Tue,41
2016-10-12,2016,10,October,Oct,Q4,12,Wednesday,Wed,41
2016-10-13,2016,10,October,Oct,Q4,13,Thursday,Thu,41
2016-10-14,2016,10,October,Oct,Q4,14,Friday,Fri,41
2016-10-15,2016,10,October,Oct,Q4,15,Saturday,Sat,41
2016-10-16,2016,10,October,Oct,Q4,16,Sunday,Sun,41
2016-10-17,2016,10,October,Oct,Q4,17,Monday,Mon,42
2016-10-18,2016,10,October,Oct,Q4,18,Tuesday,Tue,42
2016-10-19,2016,10,October,Oct,Q4,19,Wednesday,Wed,42
2016-10-20,2016,10,October,Oct,Q4,20,Thursday,Thu,42
2016-10-21,2016,10,October,Oct,Q4,21,Friday,Fri,42
2016-10-22,2016,10,October,Oct,Q4,22,Saturday,Sat,42
2016-10-23,2016,10,October,Oct,Q4,23,Sunday,Sun,42
2016-10-24,2016,10,October,Oct,Q4,24,Monday,Mon,43
2016-10-25,2016,10,October,Oct,Q4,25,Tuesday,Tue,43
2016-10-26,2016,10,October,Oct,Q4,26,Wednesday,Wed,43
2016-10-27,2016,10,October,Oct,Q4,27,Thursday,Thu,43
2016-10-28,2016,10,October,Oct,Q4,28,Friday,Fri,43
2016-10-29,2016,10,October,Oct,Q4,29,Saturday,Sat,43
2016-10-30,2016,10,October,Oct,Q4,30,Sunday,Sun,43
2016-10-31,2016,10,October,Oct,Q4,31,Monday,Mon,44
2016-11-01,2016,11,November,Nov,Q4,1,Tuesday,Tue,44
2016-11-02,2016,11,November,Nov,Q4,2,Wednesday,Wed,44
2016-11-03,2016,11,November,Nov,Q4,3,Thursday,Thu,44
2016-11-04,2016,11,November,Nov,Q4,4,Friday,Fri,44
2016-11-05,2016,11,November,Nov,Q4,5,Saturday,Sat,44
2016-11-06,2016,11,November,Nov,Q4,6,Sunday,Sun,44
2016-11-07,2016,11,November,Nov,Q4,7,Monday,Mon,45
2016-11-08,2016,11,November,Nov,Q4,8,Tuesday,Tue,45
2016-11-09,2016,11,November,Nov,Q4,9,Wednesday,Wed,45
2016-11-10,2016,11,November,Nov,Q4,10,Thursday,Thu,45
2016-11-11,2016,11,November,Nov,Q4,11,Friday,Fri,45
2016-11-12,2016,11,November,Nov,Q4,12,Saturday,Sat,45
2016-11-13,2016,11,November,Nov,Q4,13,Sunday,Sun,45
2016-11-14,2016,11,November,Nov,Q4,14,Monday,Mon,46
2016-11-15,2016,11,November,Nov,Q4,15,Tuesday,Tue,46
2016-11-16,2016,11,November,Nov,Q4,16,Wednesday,Wed,46
2016-11-17,2016,11,November,Nov,Q4,17,Thursday,Thu,46
2016-11-18,2016,11,November,Nov,Q4,18,Friday,Fri,46
2016-11-19,2016,11,November,Nov,Q4,19,Saturday,Sat,46
2016-11-20,2016,11,November,Nov,Q4,20,Sunday,Sun,46
2016-11-21,2016,11,November,Nov,Q4,21,Monday,Mon,47
2016-11-22,2016,11,November,Nov,Q4,22,Tuesday,Tue,47
2016-11-23,2016,11,November,Nov,Q4,23,Wednesday,Wed,47
2016-11-24,2016,11,November,Nov,Q4,24,Thursday,Thu,47
2016-11-25,2016,11,November,Nov,Q4,25,Friday,Fri,47
2016-11-26,2016,11,November,Nov,Q4,26,Saturday,Sat,47
2016-11-27,2016,11,November,Nov,Q4,27,Sunday,Sun,47
2016-11-28,2016,11,November,Nov,Q4,28,Monday,Mon,48
2016-11-29,2016,11,November,Nov,Q4,29,Tuesday,Tue,48
2016-11-30,2016,11,November,Nov,Q4,30,Wednesday,Wed,48
2016-12-01,2016,12,December,Dec,Q4,1,Thursday,Thu,48
2016-12-02,2016,12,December,Dec,Q4,2,Friday,Fri,48
2016-12-03,2016,12,December,Dec,Q4,3,Saturday,Sat,48
2016-12-04,2016,12,December,Dec,Q4,4,Sunday,Sun,48
2016-12-05,2016,12,December,Dec,Q4,5,Monday,Mon,49
2016-12-06,2016,12,December,Dec,Q4,6,Tuesday,Tue,49
2016-12-07,2016,12,December,Dec,Q4,7,Wednesday,Wed,49
2016-12-08,2016,12,December,Dec,Q4,8,Thursday,Thu,49
2016-12-09,2016,12,December,Dec,Q4,9,Friday,Fri,49
2016-12-10,2016,12,December,Dec,Q4,10,Saturday,Sat,49
2016-12-11,2016,12,December,Dec,Q4,11,Sunday,Sun,49
2016-12-12,2016,12,December,Dec,Q4,12,Monday,Mon,50
2016-12-13,2016,12,December,Dec,Q4,13,Tuesday,Tue,50
2016-12-14,2016,12,December,Dec,Q4,14,Wednesday,Wed,50
2016-12-15,2016,12,December,Dec,Q4,15,Thursday,Thu,50
2016-12-16,2016,12,December,Dec,Q4,16,Friday,Fri,50
2016-12-17,2016,12,December,Dec,Q4,17,Saturday,Sat,50
2016-12-18,2016,12,December,Dec,Q4,18,Sunday,Sun,50
2016-12-19,2016,12,December,Dec,Q4,19,Monday,Mon,51
2016-12-20,2016,12,December,Dec,Q4,20,Tuesday,Tue,51
2016-12-21,2016,12,December,Dec,Q4,21,Wednesday,Wed,51
2016-12-22,2016,12,December,Dec,Q4,22,Thursday,Thu,51
2016-12-23,2016,12,December,Dec,Q4,23,Friday,Fri,51
2016-12-24,2016,12,December,Dec,Q4,24,Saturday,Sat,51
2016-12-25,2016,12,December,Dec,Q4,25,Sunday,Sun,51
2016-12-26,2016,12,December,Dec,Q4,26,Monday,Mon,52
2016-12-27,2016,12,December,Dec,Q4,27,Tuesday,Tue,52
2016-12-28,2016,12,December,Dec,Q4,28,Wednesday,Wed,52
2016-12-29,2016,12,December,Dec,Q4,29,Thursday,Thu,52
2016-12-30,2016,12,December,Dec,Q4,30,Friday,Fri,52
2016-12-31,2016,12,December,Dec,Q4,31,Saturday,Sat,52
2017-01-01,2017,1,January,Jan,Q1,1,Sunday,Sun,52
2017-01-02,2017,1,January,Jan,Q1,2,Monday,Mon,1
2017-01-03,2017,1,January,Jan,Q1,3,Tuesday,Tue,1
2017-01-04,2017,1,January,Jan,Q1,4,Wednesday,Wed,1
2017-01-05,2017,1,January,Jan,Q1,5,Thursday,Thu,1
2017-01-06,2017,1,January,Jan,Q1,6,Friday,Fri,1
2017-01-07,2017,1,January,Jan,Q1,7,Saturday,Sat,1
2017-01-08,2017,1,January,Jan,Q1,8,Sunday,Sun,1
2017-01-09,2017,1,January,Jan,Q1,9,Monday,Mon,2
2017-01-10,2017,1,January,Jan,Q1,10,Tuesday,Tue,2
2017-01-11,2017,1,January,Jan,Q1,11,Wednesday,Wed,2
2017-01-12,2017,1,January,Jan,Q1,12,Thursday,Thu,2
2017-01-13,2017,1,January,Jan,Q1,13,Friday,Fri,2
2017-01-14,2017,1,January,Jan,Q1,14,Saturday,Sat,2
2017-01-15,2017,1,January,Jan,Q1,15,Sunday,Sun,2
2017-01-16,2017,1,January,Jan,Q1,16,Monday,Mon,3
2017-01-17,2017,1,January,Jan,Q1,17,Tuesday,Tue,3
2017-01-18,2017,1,January,Jan,Q1,18,Wednesday,Wed,3
2017-01-19,2017,1,January,Jan,Q1,19,Thursday,Thu,3
2017-01-20,2017,1,January,Jan,Q1,20,Friday,Fri,3
2017-01-21,2017,1,January,Jan,Q1,21,Saturday,Sat,3
2017-01-22,2017,1,January,Jan,Q1,22,Sunday,Sun,3
2017-01-23,2017,1,January,Jan,Q1,23,Monday,Mon,4
2017-01-24,2017,1,January,Jan,Q1,24,Tuesday,Tue,4
2017-01-25,2017,1,January,Jan,Q1,25,Wednesday,Wed,4
2017-01-26,2017,1,January,Jan,Q1,26,Thursday,Thu,4
2017-01-27,2017,1,January,Jan,Q1,27,Friday,Fri,4
2017-01-28,2017,1,January,Jan,Q1,28,Saturday,Sat,4
2017-01-29,2017,1,January,Jan,Q1,29,Sunday,Sun,4
2017-01-30,2017,1,January,Jan,Q1,30,Monday,Mon,5
2017-01-31,2017,1,January,Jan,Q1,31,Tuesday,Tue,5
2017-02-01,2017,2,February,Feb,Q1,1,Wednesday,Wed,5
2017-02-02,2017,2,February,Feb,Q1,2,Thursday,Thu,5
2017-02-03,2017,2,February,Feb,Q1,3,Friday,Fri,5
2017-02-04,2017,2,February,Feb,Q1,4,Saturday,Sat,5
2017-02-05,2017,2,February,Feb,Q1,5,Sunday,Sun,5
2017-02-06,2017,2,February,Feb,Q1,6,Monday,Mon,6
2017-02-07,2017,2,February,Feb,Q1,7,Tuesday,Tue,6
2017-02-08,2017,2,February,Feb,Q1,8,Wednesday,Wed,6
2017-02-09,2017,2,February,Feb,Q1,9,Thursday,Thu,6
2017-02-10,2017,2,February,Feb,Q1,10,Friday,Fri,6
2017-02-11,2017,2,February,Feb,Q1,11,Saturday,Sat,6
2017-02-12,2017,2,February,Feb,Q1,12,Sunday,Sun,6
2017-02-13,2017,2,February,Feb,Q1,13,Monday,Mon,7
2017-02-14,2017,2,February,Feb,Q1,14,Tuesday,Tue,7
2017-02-15,2017,2,February,Feb,Q1,15,Wednesday,Wed,7
2017-02-16,2017,2,February,Feb,Q1,16,Thursday,Thu,7
2017-02-17,2017,2,February,Feb,Q1,17,Friday,Fri,7
2017-02-18,2017,2,February,Feb,Q1,18,Saturday,Sat,7
2017-02-19,2017,2,February,Feb,Q1,19,Sunday,Sun,7
2017-02-20,2017,2,February,Feb,Q1,20,Monday,Mon,8
2017-02-21,2017,2,February,Feb,Q1,21,Tuesday,Tue,8
2017-02-22,2017,2,February,Feb,Q1,22,Wednesday,Wed,8
2017-02-23,2017,2,February,Feb,Q1,23,Thursday,Thu,8
2017-02-24,2017,2,February,Feb,Q1,24,Friday,Fri,8
2017-02-25,2017,2,February,Feb,Q1,25,Saturday,Sat,8
2017-02-26,2017,2,February,Feb,Q1,26,Sunday,Sun,8
2017-02-27,2017,2,February,Feb,Q1,27,Monday,Mon,9
2017-02-28,2017,2,February,Feb,Q1,28,Tuesday,Tue,9
2017-03-01,2017,3,March,Mar,Q1,1,Wednesday,Wed,9
2017-03-02,2017,3,March,Mar,Q1,2,Thursday,Thu,9
2017-03-03,2017,3,March,Mar,Q1,3,Friday,Fri,9
2017-03-04,2017,3,March,Mar,Q1,4,Saturday,Sat,9
2017-03-05,2017,3,March,Mar,Q1,5,Sunday,Sun,9
2017-03-06,2017,3,March,Mar,Q1,6,Monday,Mon,10
2017-03-07,2017,3,March,Mar,Q1,7,Tuesday,Tue,10
2017-03-08,2017,3,March,Mar,Q1,8,Wednesday,Wed,10
2017-03-09,2017,3,March,Mar,Q1,9,Thursday,Thu,10
2017-03-10,2017,3,March,Mar,Q1,10,Friday,Fri,10
2017-03-11,2017,3,March,Mar,Q1,11,Saturday,Sat,10
2017-03-12,2017,3,March,Mar,Q1,12,Sunday,Sun,10
2017-03-13,2017,3,March,Mar,Q1,13,Monday,Mon,11
2017-03-14,2017,3,March,Mar,Q1,14,Tuesday,Tue,11
2017-03-15,2017,3,March,Mar,Q1,15,Wednesday,Wed,11
2017-03-16,2017,3,March,Mar,Q1,16,Thursday,Thu,11
2017-03-17,2017,3,March,Mar,Q1,17,Friday,Fri,11
2017-03-18,2017,3,March,Mar,Q1,18,Saturday,Sat,11
2017-03-19,2017,3,March,Mar,Q1,19,Sunday,Sun,11
2017-03-20,2017,3,March,Mar,Q1,20,Monday,Mon,12
2017-03-21,2017,3,March,Mar,Q1,21,Tuesday,Tue,12
2017-03-22,2017,3,March,Mar,Q1,22,Wednesday,Wed,12
2017-03-23,2017,3,March,Mar,Q1,23,Thursday,Thu,12
2017-03-24,2017,3,March,Mar,Q1,24,Friday,Fri,12
2017-03-25,2017,3,March,Mar,Q1,25,Saturday,Sat,12
2017-03-26,2017,3,March,Mar,Q1,26,Sunday,Sun,12
2017-03-27,2017,3,March,Mar,Q1,27,Monday,Mon,13
2017-03-28,2017,3,March,Mar,Q1,28,Tuesday,Tue,13
2017-03-29,2017,3,March,Mar,Q1,29,Wednesday,Wed,13
2017-03-30,2017,3,March,Mar,Q1,30,Thursday,Thu,13
2017-03-31,2017,3,March,Mar,Q1,31,Friday,Fri,13
2017-04-01,2017,4,April,Apr,Q2,1,Saturday,Sat,13
2017-04-02,2017,4,April,Apr,Q2,2,Sunday,Sun,13
2017-04-03,2017,4,April,Apr,Q2,3,Monday,Mon,14
2017-04-04,2017,4,April,Apr,Q2,4,Tuesday,Tue,14
2017-04-05,2017,4,April,Apr,Q2,5,Wednesday,Wed,14
2017-04-06,2017,4,April,Apr,Q2,6,Thursday,Thu,14
2017-04-07,2017,4,April,Apr,Q2,7,Friday,Fri,14
2017-04-08,2017,4,April,Apr,Q2,8,Saturday,Sat,14
2017-04-09,2017,4,April,Apr,Q2,9,Sunday,Sun,14
2017-04-10,2017,4,April,Apr,Q2,10,Monday,Mon,15
2017-04-11,2017,4,April,Apr,Q2,11,Tuesday,Tue,15
2017-04-12,2017,4,April,Apr,Q2,12,Wednesday,Wed,15
2017-04-13,2017,4,April,Apr,Q2,13,Thursday,Thu,15
2017-04-14,2017,4,April,Apr,Q2,14,Friday,Fri,15
2017-04-15,2017,4,April,Apr,Q2,15,Saturday,Sat,15
2017-04-16,2017,4,April,Apr,Q2,16,Sunday,Sun,15
2017-04-17,2017,4,April,Apr,Q2,17,Monday,Mon,16
2017-04-18,2017,4,April,Apr,Q2,18,Tuesday,Tue,16
2017-04-19,2017,4,April,Apr,Q2,19,Wednesday,Wed,16
2017-04-20,2017,4,April,Apr,Q2,20,Thursday,Thu,16
2017-04-21,2017,4,April,Apr,Q2,21,Friday,Fri,16
2017-04-22,2017,4,April,Apr,Q2,22,Saturday,Sat,16
2017-04-23,2017,4,April,Apr,Q2,23,Sunday,Sun,16
2017-04-24,2017,4,April,Apr,Q2,24,Monday,Mon,17
2017-04-25,2017,4,April,Apr,Q2,25,Tuesday,Tue,17
2017-04-26,2017,4,April,Apr,Q2,26,Wednesday,Wed,17
2017-04-27,2017,4,April,Apr,Q2,27,Thursday,Thu,17
2017-04-28,2017,4,April,Apr,Q2,28,Friday,Fri,17
2017-04-29,2017,4,April,Apr,Q2,29,Saturday,Sat,17
2017-04-30,2017,4,April,Apr,Q2,30,Sunday,Sun,17
2017-05-01,2017,5,May,May,Q2,1,Monday,Mon,18
2017-05-02,2017,5,May,May,Q2,2,Tuesday,Tue,18
2017-05-03,2017,5,May,May,Q2,3,Wednesday,Wed,18
2017-05-04,2017,5,May,May,Q2,4,Thursday,Thu,18
2017-05-05,2017,5,May,May,Q2,5,Friday,Fri,18
2017-05-06,2017,5,May,May,Q2,6,Saturday,Sat,18
2017-05-07,2017,5,May,May,Q2,7,Sunday,Sun,18
2017-05-08,2017,5,May,May,Q2,8,Monday,Mon,19
2017-05-09,2017,5,May,May,Q2,9,Tuesday,Tue,19
2017-05-10,2017,5,May,May,Q2,10,Wednesday,Wed,19
2017-05-11,2017,5,May,May,Q2,11,Thursday,Thu,19
2017-05-12,2017,5,May,May,Q2,12,Friday,Fri,19
2017-05-13,2017,5,May,May,Q2,13,Saturday,Sat,19
2017-05-14,2017,5,May,May,Q2,14,Sunday,Sun,19
2017-05-15,2017,5,May,May,Q2,15,Monday,Mon,20
2017-05-16,2017,5,May,May,Q2,16,Tuesday,Tue,20
2017-05-17,2017,5,May,May,Q2,17,Wednesday,Wed,20
2017-05-18,2017,5,May,May,Q2,18,Thursday,Thu,20
2017-05-19,2017,5,May,May,Q2,19,Friday,Fri,20
2017-05-20,2017,5,May,May,Q2,20,Saturday,Sat,20
2017-05-21,2017,5,May,May,Q2,21,Sunday,Sun,20
2017-05-22,2017,5,May,May,Q2,22,Monday,Mon,21
2017-05-23,2017,5,May,May,Q2,23,Tuesday,Tue,21
2017-05-24,2017,5,May,May,Q2,24,Wednesday,Wed,21
2017-05-25,2017,5,May,May,Q2,25,Thursday,Thu,21
2017-05-26,2017,5,May,May,Q2,26,Friday,Fri,21
2017-05-27,2017,5,May,May,Q2,27,Saturday,Sat,21
2017-05-28,2017,5,May,May,Q2,28,Sunday,Sun,21
2017-05-29,2017,5,May,May,Q2,29,Monday,Mon,22
2017-05-30,2017,5,May,May,Q2,30,Tuesday,Tue,22
2017-05-31,2017,5,May,May,Q2,31,Wednesday,Wed,22
2017-06-01,2017,6,June,Jun,Q2,1,Thursday,Thu,22
2017-06-02,2017,6,June,Jun,Q2,2,Friday,Fri,22
2017-06-03,2017,6,June,Jun,Q2,3,Saturday,Sat,22
2017-06-04,2017,6,June,Jun,Q2,4,Sunday,Sun,22
2017-06-05,2017,6,June,Jun,Q2,5,Monday,Mon,23
2017-06-06,2017,6,June,Jun,Q2,6,Tuesday,Tue,23
2017-06-07,2017,6,June,Jun,Q2,7,Wednesday,Wed,23
2017-06-08,2017,6,June,Jun,Q2,8,Thursday,Thu,23
2017-06-09,2017,6,June,Jun,Q2,9,Friday,Fri,23
2017-06-10,2017,6,June,Jun,Q2,10,Saturday,Sat,23
2017-06-11,2017,6,June,Jun,Q2,11,Sunday,Sun,23
2017-06-12,2017,6,June,Jun,Q2,12,Monday,Mon,24
2017-06-13,2017,6,June,Jun,Q2,13,Tuesday,Tue,24
2017-06-14,2017,6,June,Jun,Q2,14,Wednesday,Wed,24
2017-06-15,2017,6,June,Jun,Q2,15,Thursday,Thu,24
2017-06-16,2017,6,June,Jun,Q2,16,Friday,Fri,24
2017-06-17,2017,6,June,Jun,Q2,17,Saturday,Sat,24
2017-06-18,2017,6,June,Jun,Q2,18,Sunday,Sun,24
2017-06-19,2017,6,June,Jun,Q2,19,Monday,Mon,25
2017-06-20,2017,6,June,Jun,Q2,20,Tuesday,Tue,25
2017-06-21,2017,6,June,Jun,Q2,21,Wednesday,Wed,25
2017-06-22,2017,6,June,Jun,Q2,22,Thursday,Thu,25
2017-06-23,2017,6,June,Jun,Q2,23,Friday,Fri,25
2017-06-24,2017,6,June,Jun,Q2,24,Saturday,Sat,25
2017-06-25,2017,6,June,Jun,Q2,25,Sunday,Sun,25
2017-06-26,2017,6,June,Jun,Q2,26,Monday,Mon,26
2017-06-27,2017,6,June,Jun,Q2,27,Tuesday,Tue,26
2017-06-28,2017,6,June,Jun,Q2,28,Wednesday,Wed,26
2017-06-29,2017,6,June,Jun,Q2,29,Thursday,Thu,26
2017-06-30,2017,6,June,Jun,Q2,30,Friday,Fri,26
2017-07-01,2017,7,July,Jul,Q3,1,Saturday,Sat,26
2017-07-02,2017,7,July,Jul,Q3,2,Sunday,Sun,26
2017-07-03,2017,7,July,Jul,Q3,3,Monday,Mon,27
2017-07-04,2017,7,July,Jul,Q3,4,Tuesday,Tue,27
2017-07-05,2017,7,July,Jul,Q3,5,Wednesday,Wed,27
2017-07-06,2017,7,July,Jul,Q3,6,Thursday,Thu,27
2017-07-07,2017,7,July,Jul,Q3,7,Friday,Fri,27
2017-07-08,2017,7,July,Jul,Q3,8,Saturday,Sat,27
2017-07-09,2017,7,July,Jul,Q3,9,Sunday,Sun,27
2017-07-10,2017,7,July,Jul,Q3,10,Monday,Mon,28
2017-07-11,2017,7,July,Jul,Q3,11,Tuesday,Tue,28
2017-07-12,2017,7,July,Jul,Q3,12,Wednesday,Wed,28
2017-07-13,2017,7,July,Jul,Q3,13,Thursday,Thu,28
2017-07-14,2017,7,July,Jul,Q3,14,Friday,Fri,28
2017-07-15,2017,7,July,Jul,Q3,15,Saturday,Sat,28
2017-07-16,2017,7,July,Jul,Q3,16,Sunday,Sun,28
2017-07-17,2017,7,July,Jul,Q3,17,Monday,Mon,29
2017-07-18,2017,7,July,Jul,Q3,18,Tuesday,Tue,29
2017-07-19,2017,7,July,Jul,Q3,19,Wednesday,Wed,29
2017-07-20,2017,7,July,Jul,Q3,20,Thursday,Thu,29
2017-07-21,2017,7,July,Jul,Q3,21,Friday,Fri,29
2017-07-22,2017,7,July,Jul,Q3,22,Saturday,Sat,29
2017-07-23,2017,7,July,Jul,Q3,23,Sunday,Sun,29
2017-07-24,2017,7,July,Jul,Q3,24,Monday,Mon,30
2017-07-25,2017,7,July,Jul,Q3,25,Tuesday,Tue,30
2017-07-26,2017,7,July,Jul,Q3,26,Wednesday,Wed,30
2017-07-27,2017,7,July,Jul,Q3,27,Thursday,Thu,30
2017-07-28,2017,7,July,Jul,Q3,28,Friday,Fri,30
2017-07-29,2017,7,July,Jul,Q3,29,Saturday,Sat,30
2017-07-30,2017,7,July,Jul,Q3,30,Sunday,Sun,30
2017-07-31,2017,7,July,Jul,Q3,31,Monday,Mon,31
2017-08-01,2017,8,August,Aug,Q3,1,Tuesday,Tue,31
2017-08-02,2017,8,August,Aug,Q3,2,Wednesday,Wed,31
2017-08-03,2017,8,August,Aug,Q3,3,Thursday,Thu,31
2017-08-04,2017,8,August,Aug,Q3,4,Friday,Fri,31
2017-08-05,2017,8,August,Aug,Q3,5,Saturday,Sat,31
2017-08-06,2017,8,August,Aug,Q3,6,Sunday,Sun,31
2017-08-07,2017,8,August,Aug,Q3,7,Monday,Mon,32
2017-08-08,2017,8,August,Aug,Q3,8,Tuesday,Tue,32
2017-08-09,2017,8,August,Aug,Q3,9,Wednesday,Wed,32
2017-08-10,2017,8,August,Aug,Q3,10,Thursday,Thu,32
2017-08-11,2017,8,August,Aug,Q3,11,Friday,Fri,32
2017-08-12,2017,8,August,Aug,Q3,12,Saturday,Sat,32
2017-08-13,2017,8,August,Aug,Q3,13,Sunday,Sun,32
2017-08-14,2017,8,August,Aug,Q3,14,Monday,Mon,33
2017-08-15,2017,8,August,Aug,Q3,15,Tuesday,Tue,33
2017-08-16,2017,8,August,Aug,Q3,16,Wednesday,Wed,33
2017-08-17,2017,8,August,Aug,Q3,17,Thursday,Thu,33
2017-08-18,2017,8,August,Aug,Q3,18,Friday,Fri,33
2017-08-19,2017,8,August,Aug,Q3,19,Saturday,Sat,33
2017-08-20,2017,8,August,Aug,Q3,20,Sunday,Sun,33
2017-08-21,2017,8,August,Aug,Q3,21,Monday,Mon,34
2017-08-22,2017,8,August,Aug,Q3,22,Tuesday,Tue,34
2017-08-23,2017,8,August,Aug,Q3,23,Wednesday,Wed,34
2017-08-24,2017,8,August,Aug,Q3,24,Thursday,Thu,34
2017-08-25,2017,8,August,Aug,Q3,25,Friday,Fri,34
2017-08-26,2017,8,August,Aug,Q3,26,Saturday,Sat,34
2017-08-27,2017,8,August,Aug,Q3,27,Sunday,Sun,34
2017-08-28,2017,8,August,Aug,Q3,28,Monday,Mon,35
2017-08-29,2017,8,August,Aug,Q3,29,Tuesday,Tue,35
2017-08-30,2017,8,August,Aug,Q3,30,Wednesday,Wed,35
2017-08-31,2017,8,August,Aug,Q3,31,Thursday,Thu,35
2017-09-01,2017,9,September,Sep,Q3,1,Friday,Fri,35
2017-09-02,2017,9,September,Sep,Q3,2,Saturday,Sat,35
2017-09-03,2017,9,September,Sep,Q3,3,Sunday,Sun,35
2017-09-04,2017,9,September,Sep,Q3,4,Monday,Mon,36
2017-09-05,2017,9,September,Sep,Q3,5,Tuesday,Tue,36
2017-09-06,2017,9,September,Sep,Q3,6,Wednesday,Wed,36
2017-09-07,2017,9,September,Sep,Q3,7,Thursday,Thu,36
2017-09-08,2017,9,September,Sep,Q3,8,Friday,Fri,36
2017-09-09,2017,9,September,Sep,Q3,9,Saturday,Sat,36
2017-09-10,2017,9,September,Sep,Q3,10,Sunday,Sun,36
2017-09-11,2017,9,September,Sep,Q3,11,Monday,Mon,37
2017-09-12,2017,9,September,Sep,Q3,12,Tuesday,Tue,37
2017-09-13,2017,9,September,Sep,Q3,13,Wednesday,Wed,37
2017-09-14,2017,9,September,Sep,Q3,14,Thursday,Thu,37
2017-09-15,2017,9,September,Sep,Q3,15,Friday,Fri,37
2017-09-16,2017,9,September,Sep,Q3,16,Saturday,Sat,37
2017-09-17,2017,9,September,Sep,Q3,17,Sunday,Sun,37
2017-09-18,2017,9,September,Sep,Q3,18,Monday,Mon,38
2017-09-19,2017,9,September,Sep,Q3,19,Tuesday,Tue,38
2017-09-20,2017,9,September,Sep,Q3,20,Wednesday,Wed,38
2017-09-21,2017,9,September,Sep,Q3,21,Thursday,Thu,38
2017-09-22,2017,9,September,Sep,Q3,22,Friday,Fri,38
2017-09-23,2017,9,September,Sep,Q3,23,Saturday,Sat,38
2017-09-24,2017,9,September,Sep,Q3,24,Sunday,Sun,38
2017-09-25,2017,9,September,Sep,Q3,25,Monday,Mon,39
2017-09-26,2017,9,September,Sep,Q3,26,Tuesday,Tue,39
2017-09-27,2017,9,September,Sep,Q3,27,Wednesday,Wed,39
2017-09-28,2017,9,September,Sep,Q3,28,Thursday,Thu,39
2017-09-29,2017,9,September,Sep,Q3,29,Friday,Fri,39
2017-09-30,2017,9,September,Sep,Q3,30,Saturday,Sat,39
2017-10-01,2017,10,October,Oct,Q4,1,Sunday,Sun,39
2017-10-02,2017,10,October,Oct,Q4,2,Monday,Mon,40
2017-10-03,2017,10,October,Oct,Q4,3,Tuesday,Tue,40
2017-10-04,2017,10,October,Oct,Q4,4,Wednesday,Wed,40
2017-10-05,2017,10,October,Oct,Q4,5,Thursday,Thu,40
2017-10-06,2017,10,October,Oct,Q4,6,Friday,Fri,40
2017-10-07,2017,10,October,Oct,Q4,7,Saturday,Sat,40
2017-10-08,2017,10,October,Oct,Q4,8,Sunday,Sun,40
2017-10-09,2017,10,October,Oct,Q4,9,Monday,Mon,41
2017-10-10,2017,10,October,Oct,Q4,10,Tuesday,Tue,41
2017-10-11,2017,10,October,Oct,Q4,11,Wednesday,Wed,41
2017-10-12,2017,10,October,Oct,Q4,12,Thursday,Thu,41
2017-10-13,2017,10,October,Oct,Q4,13,Friday,Fri,41
2017-10-14,2017,10,October,Oct,Q4,14,Saturday,Sat,41
2017-10-15,2017,10,October,Oct,Q4,15,Sunday,Sun,41
2017-10-16,2017,10,October,Oct,Q4,16,Monday,Mon,42
2017-10-17,2017,10,October,Oct,Q4,17,Tuesday,Tue,42
2017-10-18,2017,10,October,Oct,Q4,18,Wednesday,Wed,42
2017-10-19,2017,10,October,Oct,Q4,19,Thursday,Thu,42
2017-10-20,2017,10,October,Oct,Q4,20,Friday,Fri,42
2017-10-21,2017,10,October,Oct,Q4,21,Saturday,Sat,42
2017-10-22,2017,10,October,Oct,Q4,22,Sunday,Sun,42
2017-10-23,2017,10,October,Oct,Q4,23,Monday,Mon,43
2017-10-24,2017,10,October,Oct,Q4,24,Tuesday,Tue,43
2017-10-25,2017,10,October,Oct,Q4,25,Wednesday,Wed,43
2017-10-26,2017,10,October,Oct,Q4,26,Thursday,Thu,43
2017-10-27,2017,10,October,Oct,Q4,27,Friday,Fri,43
2017-10-28,2017,10,October,Oct,Q4,28,Saturday,Sat,43
2017-10-29,2017,10,October,Oct,Q4,29,Sunday,Sun,43
2017-10-30,2017,10,October,Oct,Q4,30,Monday,Mon,44
2017-10-31,2017,10,October,Oct,Q4,31,Tuesday,Tue,44
2017-11-01,2017,11,November,Nov,Q4,1,Wednesday,Wed,44
2017-11-02,2017,11,November,Nov,Q4,2,Thursday,Thu,44
2017-11-03,2017,11,November,Nov,Q4,3,Friday,Fri,44
2017-11-04,2017,11,November,Nov,Q4,4,Saturday,Sat,44
2017-11-05,2017,11,November,Nov,Q4,5,Sunday,Sun,44
2017-11-06,2017,11,November,Nov,Q4,6,Monday,Mon,45
2017-11-07,2017,11,November,Nov,Q4,7,Tuesday,Tue,45
2017-11-08,2017,11,November,Nov,Q4,8,Wednesday,Wed,45
2017-11-09,2017,11,November,Nov,Q4,9,Thursday,Thu,45
2017-11-10,2017,11,November,Nov,Q4,10,Friday,Fri,45
2017-11-11,2017,11,November,Nov,Q4,11,Saturday,Sat,45
2017-11-12,2017,11,November,Nov,Q4,12,Sunday,Sun,45
2017-11-13,2017,11,November,Nov,Q4,13,Monday,Mon,46
2017-11-14,2017,11,November,Nov,Q4,14,Tuesday,Tue,46
2017-11-15,2017,11,November,Nov,Q4,15,Wednesday,Wed,46
2017-11-16,2017,11,November,Nov,Q4,16,Thursday,Thu,46
2017-11-17,2017,11,November,Nov,Q4,17,Friday,Fri,46
2017-11-18,2017,11,November,Nov,Q4,18,Saturday,Sat,46
2017-11-19,2017,11,November,Nov,Q4,19,Sunday,Sun,46
2017-11-20,2017,11,November,Nov,Q4,20,Monday,Mon,47
2017-11-21,2017,11,November,Nov,Q4,21,Tuesday,Tue,47
2017-11-22,2017,11,November,Nov,Q4,22,Wednesday,Wed,47
2017-11-23,2017,11,November,Nov,Q4,23,Thursday,Thu,47
2017-11-24,2017,11,November,Nov,Q4,24,Friday,Fri,47
2017-11-25,2017,11,November,Nov,Q4,25,Saturday,Sat,47
2017-11-26,2017,11,November,Nov,Q4,26,Sunday,Sun,47
2017-11-27,2017,11,November,Nov,Q4,27,Monday,Mon,48
2017-11-28,2017,11,November,Nov,Q4,28,Tuesday,Tue,48
2017-11-29,2017,11,November,Nov,Q4,29,Wednesday,Wed,48
2017-11-30,2017,11,November,Nov,Q4,30,Thursday,Thu,48
2017-12-01,2017,12,December,Dec,Q4,1,Friday,Fri,48
2017-12-02,2017,12,December,Dec,Q4,2,Saturday,Sat,48
2017-12-03,2017,12,December,Dec,Q4,3,Sunday,Sun,48
2017-12-04,2017,12,December,Dec,Q4,4,Monday,Mon,49
2017-12-05,2017,12,December,Dec,Q4,5,Tuesday,Tue,49
2017-12-06,2017,12,December,Dec,Q4,6,Wednesday,Wed,49
2017-12-07,2017,12,December,Dec,Q4,7,Thursday,Thu,49
2017-12-08,2017,12,December,Dec,Q4,8,Friday,Fri,49
2017-12-09,2017,12,December,Dec,Q4,9,Saturday,Sat,49
2017-12-10,2017,12,December,Dec,Q4,10,Sunday,Sun,49
2017-12-11,2017,12,December,Dec,Q4,11,Monday,Mon,50
2017-12-12,2017,12,December,Dec,Q4,12,Tuesday,Tue,50
2017-12-13,2017,12,December,Dec,Q4,13,Wednesday,Wed,50
2017-12-14,2017,12,December,Dec,Q4,14,Thursday,Thu,50
2017-12-15,2017,12,December,Dec,Q4,15,Friday,Fri,50
2017-12-16,2017,12,December,Dec,Q4,16,Saturday,Sat,50
2017-12-17,2017,12,December,Dec,Q4,17,Sunday,Sun,50
2017-12-18,2017,12,December,Dec,Q4,18,Monday,Mon,51
2017-12-19,2017,12,December,Dec,Q4,19,Tuesday,Tue,51
2017-12-20,2017,12,December,Dec,Q4,20,Wednesday,Wed,51
2017-12-21,2017,12,December,Dec,Q4,21,Thursday,Thu,51
2017-12-22,2017,12,December,Dec,Q4,22,Friday,Fri,51
2017-12-23,2017,12,December,Dec,Q4,23,Saturday,Sat,51
2017-12-24,2017,12,December,Dec,Q4,24,Sunday,Sun,51
2017-12-25,2017,12,December,Dec,Q4,25,Monday,Mon,52
2017-12-26,2017,12,December,Dec,Q4,26,Tuesday,Tue,52
2017-12-27,2017,12,December,Dec,Q4,27,Wednesday,Wed,52
2017-12-28,2017,12,December,Dec,Q4,28,Thursday,Thu,52
2017-12-29,2017,12,December,Dec,Q4,29,Friday,Fri,52
2017-12-30,2017,12,December,Dec,Q4,30,Saturday,Sat,52
2017-12-31,2017,12,December,Dec,Q4,31,Sunday,Sun,52
2018-01-01,2018,1,January,Jan,Q1,1,Monday,Mon,1
2018-01-02,2018,1,January,Jan,Q1,2,Tuesday,Tue,1
2018-01-03,2018,1,January,Jan,Q1,3,Wednesday,Wed,1
2018-01-04,2018,1,January,Jan,Q1,4,Thursday,Thu,1
2018-01-05,2018,1,January,Jan,Q1,5,Friday,Fri,1
2018-01-06,2018,1,January,Jan,Q1,6,Saturday,Sat,1
2018-01-07,2018,1,January,Jan,Q1,7,Sunday,Sun,1
2018-01-08,2018,1,January,Jan,Q1,8,Monday,Mon,2
2018-01-09,2018,1,January,Jan,Q1,9,Tuesday,Tue,2
2018-01-10,2018,1,January,Jan,Q1,10,Wednesday,Wed,2
2018-01-11,2018,1,January,Jan,Q1,11,Thursday,Thu,2
2018-01-12,2018,1,January,Jan,Q1,12,Friday,Fri,2
2018-01-13,2018,1,January,Jan,Q1,13,Saturday,Sat,2
2018-01-14,2018,1,January,Jan,Q1,14,Sunday,Sun,2
2018-01-15,2018,1,January,Jan,Q1,15,Monday,Mon,3
2018-01-16,2018,1,January,Jan,Q1,16,Tuesday,Tue,3
2018-01-17,2018,1,January,Jan,Q1,17,Wednesday,Wed,3
2018-01-18,2018,1,January,Jan,Q1,18,Thursday,Thu,3
2018-01-19,2018,1,January,Jan,Q1,19,Friday,Fri,3
2018-01-20,2018,1,January,Jan,Q1,20,Saturday,Sat,3
2018-01-21,2018,1,January,Jan,Q1,21,Sunday,Sun,3
2018-01-22,2018,1,January,Jan,Q1,22,Monday,Mon,4
2018-01-23,2018,1,January,Jan,Q1,23,Tuesday,Tue,4
2018-01-24,2018,1,January,Jan,Q1,24,Wednesday,Wed,4
2018-01-25,2018,1,January,Jan,Q1,25,Thursday,Thu,4
2018-01-26,2018,1,January,Jan,Q1,26,Friday,Fri,4
2018-01-27,2018,1,January,Jan,Q1,27,Saturday,Sat,4
2018-01-28,2018,1,January,Jan,Q1,28,Sunday,Sun,4
2018-01-29,2018,1,January,Jan,Q1,29,Monday,Mon,5
2018-01-30,2018,1,January,Jan,Q1,30,Tuesday,Tue,5
2018-01-31,2018,1,January,Jan,Q1,31,Wednesday,Wed,5
